{
  "hash": "8e48f5b280488b8512f10e3dccf4064e",
  "result": {
    "markdown": "---\noutput: md_document\n---\n\n\n## Trabajo en equipo para la asignatura \"Big Data\"\n\n<!-- El párrafo de abajo has de dejarlo tal cual. NO HAS DE CAMBIAR NADA!!-->\n\nRepo utilizado para elaborar el trabajo en equipo para la asignatura \"Programación y manejo de datos en la era del Big Data\" de la Universitat de València durante el curso 2022-2023. La página web de la asignatura puede verse aquí: <https://perezp44.github.io/intro-ds-22-23-web/>.\n\n\n<!-- En la linea de abajo HAS de SUSTITUIR \"perezp44\" por tu usuario de Github-->\nLa versión final del trabajo puede visualizarse en: <https://perezp44.github.io/trabajo_BigData_equipo/>. \n\n\n<!-- Abajo podéis escribir lo que queráis, igual un resumen del trabajo, o ..., o ... pero al menos, tenéis que poner el título del trabajo y el nombre de los componentes del equipo-->\n\nEl título del trabajo es .....  En el trabajo hago  .... blah-blah ...\n\n\n\n<!-- Finalmente, acuérdate que cuando hayas hecho los cambios y hayas dejado este archivo como hayáis decidido, TENEIS que knittearlo para que los cambio se actualicen en el fichero Readme.md, que es el que finalmente se visualizará en Github-->\n\n",
    "supporting": [],
    "filters": [
      "rmarkdown/pagebreak.lua"
    ],
    "includes": {},
    "engineDependencies": {},
    "preserve": {},
    "postProcess": true
  }
}