{"title":"Pedro Navaja","markdown":{"yaml":{"title":"Pedro Navaja","image":"imagenes/my_foto.png","about":{"template":"trestles","image-width":"16em","image-shape":"rectangle","links":[{"icon":"envelope","text":"e-mail","url":"mailto:<tu-mail@alumni.uv.es>"},{"icon":"linkedin","text":"LinkedIn","href":"https://linkedin.com/<tu-usuario-Linkedin>"},{"icon":"github","text":"Github","href":"https://github.com/<tu-usuario-github>"}]}},"containsRefs":false,"markdown":"\n        \nHola, soy .....\n      \nEsta web sirve para presentar el trabajo final individual para la asignatura \"Programación y manejo de datos en la era Del Big Data\", optativa de GECO en la Facultad de Economía de la Universitat de València.\n\nLa web de la asignatura está [aquí](https://perezp44.github.io/intro-ds-23-24-web/){target=\"_blank\"} y los trabajos de mis compañeros de curso puedes verlos [aquí](https://perezp44.github.io/intro-ds-23-24-web/05-trabajos-estudiantes.html){target=\"_blank\"}.\n\n\nMi trabajo lleva por título : \".........................\". El objetivo es ..............\n\n\nEl trabajo puede verse [aquí](my_trabajo_BigData.html).","srcMarkdownNoYaml":"\n        \nHola, soy .....\n      \nEsta web sirve para presentar el trabajo final individual para la asignatura \"Programación y manejo de datos en la era Del Big Data\", optativa de GECO en la Facultad de Economía de la Universitat de València.\n\nLa web de la asignatura está [aquí](https://perezp44.github.io/intro-ds-23-24-web/){target=\"_blank\"} y los trabajos de mis compañeros de curso puedes verlos [aquí](https://perezp44.github.io/intro-ds-23-24-web/05-trabajos-estudiantes.html){target=\"_blank\"}.\n\n\nMi trabajo lleva por título : \".........................\". El objetivo es ..............\n\n\nEl trabajo puede verse [aquí](my_trabajo_BigData.html)."},"formats":{"html":{"identifier":{"display-name":"HTML","target-format":"html","base-format":"html"},"execute":{"fig-width":7,"fig-height":5,"fig-format":"retina","fig-dpi":96,"df-print":"default","error":false,"eval":true,"cache":null,"freeze":false,"echo":true,"output":true,"warning":false,"include":true,"keep-md":false,"keep-ipynb":false,"ipynb":null,"enabled":null,"daemon":null,"daemon-restart":false,"debug":false,"ipynb-filters":[],"message":false,"engine":"markdown"},"render":{"keep-tex":false,"keep-source":false,"keep-hidden":false,"prefer-html":false,"output-divs":true,"output-ext":"html","fig-align":"default","fig-pos":null,"fig-env":null,"code-fold":"show","code-overflow":"wrap","code-link":false,"code-line-numbers":true,"code-tools":false,"tbl-colwidths":"auto","merge-includes":true,"inline-includes":false,"preserve-yaml":false,"latex-auto-mk":true,"latex-auto-install":true,"latex-clean":true,"latex-max-runs":10,"latex-makeindex":"makeindex","latex-makeindex-opts":[],"latex-tlmgr-opts":[],"latex-input-paths":[],"latex-output-dir":null,"link-external-icon":false,"link-external-newwindow":false,"self-contained-math":false,"format-resources":[],"notebook-links":true,"format-links":true},"pandoc":{"standalone":true,"wrap":"none","default-image-extension":"png","to":"html","highlight-style":"a11y","css":["my_styles.css"],"toc":true,"output-file":"index.html"},"language":{"toc-title-document":"Tabla de contenidos","toc-title-website":"En esta página","related-formats-title":"Otros formatos","related-notebooks-title":"Notebooks","source-notebooks-prefix":"Fuente","section-title-abstract":"Resumen","section-title-appendices":"Apéndices","section-title-footnotes":"Notas","section-title-references":"Referencias","section-title-reuse":"Reutilización","section-title-copyright":"Derechos de autor","section-title-citation":"Cómo citar","appendix-attribution-cite-as":"Por favor, cita este trabajo como:","appendix-attribution-bibtex":"BibTeX","title-block-author-single":"Autor/a","title-block-author-plural":"Autores/as","title-block-affiliation-single":"Afiliación","title-block-affiliation-plural":"Afiliaciones","title-block-published":"Fecha de publicación","title-block-modified":"Fecha de modificación","callout-tip-title":"Tip","callout-note-title":"Nota","callout-warning-title":"Advertencia","callout-important-title":"Importante","callout-caution-title":"Precaución","code-summary":"Código","code-tools-menu-caption":"Código","code-tools-show-all-code":"Mostrar todo el código","code-tools-hide-all-code":"Ocultar todo el código","code-tools-view-source":"Ver el código fuente","code-tools-source-code":"Ejecutar el código","code-line":"Línea","code-lines":"Líneas","copy-button-tooltip":"Copiar al portapapeles","copy-button-tooltip-success":"Copiado","repo-action-links-edit":"Editar esta página","repo-action-links-source":"Ver el código","repo-action-links-issue":"Informar de un problema","back-to-top":"Volver arriba","search-no-results-text":"Sin resultados","search-matching-documents-text":"documentos encontrados","search-copy-link-title":"Copiar el enlace en la búsqueda","search-hide-matches-text":"Ocultar resultados adicionales","search-more-match-text":"resultado adicional en este documento","search-more-matches-text":"resultados adicionales en este documento","search-clear-button-title":"Borrar","search-detached-cancel-button-title":"Cancelar","search-submit-button-title":"Enviar","search-label":"Buscar","toggle-section":"Alternar sección","toggle-sidebar":"Alternar barra lateral","toggle-dark-mode":"Alternar modo oscuro","toggle-reader-mode":"Alternar modo lector","toggle-navigation":"Navegación de palanca","crossref-fig-title":"Figura","crossref-tbl-title":"Tabla","crossref-lst-title":"Listado","crossref-thm-title":"Teorema","crossref-lem-title":"Lema","crossref-cor-title":"Corolario","crossref-prp-title":"Proposición","crossref-cnj-title":"Conjetura","crossref-def-title":"Definición","crossref-exm-title":"Ejemplo","crossref-exr-title":"Ejercicio","crossref-ch-prefix":"Capítulo","crossref-apx-prefix":"Apéndice","crossref-sec-prefix":"Sección","crossref-eq-prefix":"Ecuación","crossref-lof-title":"Listado de Figuras","crossref-lot-title":"Listado de Tablas","crossref-lol-title":"Listado de Listados","environment-proof-title":"Prueba","environment-remark-title":"Observación","environment-solution-title":"Solución","listing-page-order-by":"Ordenar por","listing-page-order-by-default":"Por defecto","listing-page-order-by-date-asc":"Menos reciente","listing-page-order-by-date-desc":"Más reciente","listing-page-order-by-number-desc":"De mayor a menor","listing-page-order-by-number-asc":"De menor a mayor","listing-page-field-date":"Fecha","listing-page-field-title":"Título","listing-page-field-description":"Descripción","listing-page-field-author":"Autor/a","listing-page-field-filename":"Nombre de archivo","listing-page-field-filemodified":"Fecha de modificación","listing-page-field-subtitle":"Subtítulo","listing-page-field-readingtime":"Tiempo de lectura","listing-page-field-categories":"Categorías","listing-page-minutes-compact":"{0} minutos","listing-page-category-all":"Todas","listing-page-no-matches":"No hay resultados"},"metadata":{"lang":"es","fig-responsive":true,"quarto-version":"1.3.361","knitr":{"opts_chunk":{"collapse":true,"comment":"#>","fig.asp":"7/9","out.width":"95%","fig.align":"center","fig.show":"hold","R.options":"options(scipen = 999)"}},"theme":"flatly","mainfont":"Lato","page-layout":"full","toc-location":"right","toc-title":"Índice","code-copy":true,"title":"Pedro Navaja","image":"imagenes/my_foto.png","about":{"template":"trestles","image-width":"16em","image-shape":"rectangle","links":[{"icon":"envelope","text":"e-mail","url":"mailto:<tu-mail@alumni.uv.es>"},{"icon":"linkedin","text":"LinkedIn","href":"https://linkedin.com/<tu-usuario-Linkedin>"},{"icon":"github","text":"Github","href":"https://github.com/<tu-usuario-github>"}]}},"extensions":{"book":{"multiFile":true}}}},"projectFormats":["html"]}